{
  "config": {
    "DATA_ROOT": "C:\\Users\\cecil\\Documents\\dataset\\archive\\VeRi",
    "IMG_SIZE": [
      128,
      128
    ],
    "SEED": 42,
    "OUT_DIR": "outputs",
    "USE_CAMERA_HOLDOUT": false,
    "HOLDOUT_CAM": "c002",
    "BOOT_N": 1000,
    "CI": 95,
    "SVM_USE_RGB": true,
    "PCA_DIM": 96,
    "MAX_PER_ID_TRAIN": null,
    "RUN_PCA_ONLY": true,
    "RUN_LINEAR_SGD": true,
    "RUN_RBF_APPROX": true,
    "RFF_COMPONENTS": 512,
    "RFF_GAMMA": null
  },
  "results": {
    "pca_only": {
      "mAP": 0.024887024580888845,
      "CMC@1": 0.13170441001191896,
      "CMC@5": 0.2562574493444577,
      "CMC@10": 0.333134684147795,
      "Precision@1": 0.13170441001191896,
      "Precision@5": 0.09845053635280096,
      "Precision@10": 0.07705601907032182,
      "FP@1": 0.8682955899880811,
      "FP@5": 0.901549463647199,
      "FP@10": 0.9229439809296782,
      "Correct@1": 0.13170441001191896,
      "FP@1_overall": 0.8682955899880811,
      "mAP_CI95": [
        0.02312791180233627,
        0.026813484452372315
      ],
      "CMC@1_CI95": [
        0.11680572109654351,
        0.14839094159713945
      ],
      "CMC@5_CI95": [
        0.23718712753277713,
        0.2771305125148987
      ],
      "CMC@10_CI95": [
        0.312857568533969,
        0.35639153754469605
      ],
      "Precision@1_CI95": [
        0.11680572109654351,
        0.14839094159713945
      ],
      "Precision@5_CI95": [
        0.08903158522050061,
        0.1085846245530392
      ],
      "Precision@10_CI95": [
        0.07026072705601881,
        0.08427145411203782
      ],
      "FP@1_CI95": [
        0.8516090584028606,
        0.8831942789034565
      ],
      "FP@5_CI95": [
        0.8914153754469608,
        0.9109684147794994
      ],
      "FP@10_CI95": [
        0.9157285458879622,
        0.9297392729439812
      ]
    },
    "linear_sgd": {
      "mAP": 0.052725105402560014,
      "CMC@1": 0.17818831942789035,
      "CMC@5": 0.3140643623361144,
      "CMC@10": 0.39451728247914186,
      "Precision@1": 0.17818831942789035,
      "Precision@5": 0.14183551847437426,
      "Precision@10": 0.11698450536352802,
      "FP@1": 0.8218116805721096,
      "FP@5": 0.8581644815256257,
      "FP@10": 0.883015494636472,
      "Correct@1": 0.17818831942789035,
      "FP@1_overall": 0.8218116805721096,
      "mAP_CI95": [
        0.04899853035513977,
        0.056532042634752984
      ],
      "CMC@1_CI95": [
        0.16090584028605484,
        0.19785458879618595
      ],
      "CMC@5_CI95": [
        0.2926102502979738,
        0.3367103694874851
      ],
      "CMC@10_CI95": [
        0.37187127532777114,
        0.41896603098927293
      ],
      "Precision@1_CI95": [
        0.16090584028605484,
        0.19785458879618595
      ],
      "Precision@5_CI95": [
        0.13015196662693648,
        0.1550655542312272
      ],
      "Precision@10_CI95": [
        0.10750744934445723,
        0.1275923718712749
      ],
      "FP@1_CI95": [
        0.802145411203814,
        0.8390941597139452
      ],
      "FP@5_CI95": [
        0.8449344457687729,
        0.8698480333730635
      ],
      "FP@10_CI95": [
        0.8724076281287251,
        0.8924925506555428
      ]
    },
    "rbf_approx": {
      "mAP": 0.030910758688805794,
      "CMC@1": 0.13766388557806913,
      "CMC@5": 0.2622169249106079,
      "CMC@10": 0.34803337306317045,
      "Precision@1": 0.13766388557806913,
      "Precision@5": 0.0963051251489869,
      "Precision@10": 0.07777115613825983,
      "FP@1": 0.8623361144219308,
      "FP@5": 0.9036948748510131,
      "FP@10": 0.9222288438617402,
      "Correct@1": 0.13766388557806913,
      "FP@1_overall": 0.8623361144219308,
      "mAP_CI95": [
        0.02903197015056535,
        0.033061796717115045
      ],
      "CMC@1_CI95": [
        0.12216924910607867,
        0.15494636471990464
      ],
      "CMC@5_CI95": [
        0.24135876042908225,
        0.2830750893921335
      ],
      "CMC@10_CI95": [
        0.3259833134684148,
        0.3706793802145411
      ],
      "Precision@1_CI95": [
        0.12216924910607867,
        0.15494636471990464
      ],
      "Precision@5_CI95": [
        0.08700536352800971,
        0.1058432657926102
      ],
      "Precision@10_CI95": [
        0.07103694874850991,
        0.08475417163289596
      ],
      "FP@1_CI95": [
        0.8450536352800954,
        0.8778307508939214
      ],
      "FP@5_CI95": [
        0.8941567342073898,
        0.9129946364719903
      ],
      "FP@10_CI95": [
        0.915245828367104,
        0.9289630512514901
      ]
    }
  },
  "timestamp": "2025-10-19 19:42:45"
}