{
  "config": {
    "DATA_ROOT": "C:\\Users\\cecil\\Documents\\dataset\\archive\\VeRi",
    "IMG_SIZE": [
      128,
      128
    ],
    "SEED": 42,
    "OUT_DIR": "outputs",
    "USE_CAMERA_HOLDOUT": false,
    "HOLDOUT_CAM": "c002",
    "BOOT_N": 1000,
    "CI": 95,
    "EMB_DIM": 128,
    "BATCH_SIZE": 128,
    "EPOCHS": 10,
    "LR": 0.001,
    "WEIGHT_DECAY": 0.0005,
    "AMP": false
  },
  "results": {
    "mAP": 0.15385136435602076,
    "CMC@1": 0.4296781883194279,
    "CMC@5": 0.5929678188319428,
    "CMC@10": 0.6764004767580453,
    "Precision@1": 0.4296781883194279,
    "Precision@5": 0.39463647199046487,
    "Precision@10": 0.34755661501787843,
    "FP@1": 0.5703218116805722,
    "FP@5": 0.6053635280095351,
    "FP@10": 0.6524433849821216,
    "Correct@1": 0.4296781883194279,
    "FP@1_overall": 0.5703218116805722,
    "mAP_CI95": [
      0.1459262397468796,
      0.16181779109755604
    ],
    "CMC@1_CI95": [
      0.4052443384982122,
      0.4547079856972586
    ],
    "CMC@5_CI95": [
      0.5685190703218117,
      0.6156138259833135
    ],
    "CMC@10_CI95": [
      0.6543504171632897,
      0.6978545887961859
    ],
    "Precision@1_CI95": [
      0.4052443384982122,
      0.4547079856972586
    ],
    "FP@1_CI95": [
      0.5452920143027413,
      0.5947556615017878
    ],
    "Precision@5_CI95": [
      0.3738974970202622,
      0.41335220500595954
    ],
    "FP@5_CI95": [
      0.5866477949940405,
      0.6261025029797378
    ],
    "Precision@10_CI95": [
      0.3305721096543512,
      0.3630005959475569
    ],
    "FP@10_CI95": [
      0.6369994040524432,
      0.6694278903456488
    ],
    "val_acc_best": 0.45772843723313406
  },
  "timestamp": "2025-10-19 20:35:37",
  "device": "privateuseone:0"
}